date,indeed_job_postings_index_us,indeed_software_development_job_postings_index_us
2020-02-01,100.0,100.0
2020-02-02,100.03,99.84
2020-02-03,100.05,99.73
2020-02-04,100.09,99.55
2020-02-05,100.16,99.46
2020-02-06,100.3,99.46
2020-02-07,100.19,99.45
2020-02-08,100.23,99.52
2020-02-09,100.21,99.54
2020-02-10,100.28,99.62
2020-02-11,100.33,99.65
2020-02-12,100.39,99.66
2020-02-13,100.41,99.63
2020-02-14,100.56,99.64
2020-02-15,100.38,99.61
2020-02-16,100.34,99.7
2020-02-17,100.22,99.72
2020-02-18,100.05,99.7
2020-02-19,99.91,99.69
2020-02-20,99.77,99.75
2020-02-21,99.67,99.75
2020-02-22,99.64,99.6
2020-02-23,99.63,99.6
2020-02-24,99.63,99.56
2020-02-25,99.72,99.65
2020-02-26,99.77,99.67
2020-02-27,99.8,99.68
2020-02-28,99.84,99.74
2020-02-29,99.94,100.0
2020-03-01,99.96,100.13
2020-03-02,100.01,100.32
2020-03-03,99.99,100.46
2020-03-04,99.94,100.59
2020-03-05,99.9,100.67
2020-03-06,99.87,100.8
2020-03-07,99.66,100.82
2020-03-08,99.57,100.73
2020-03-09,99.36,100.56
2020-03-10,99.27,100.51
2020-03-11,99.17,100.42
2020-03-12,99.05,100.41
2020-03-13,98.82,100.27
2020-03-14,98.71,100.26
2020-03-15,98.41,100.22
2020-03-16,98.27,100.3
2020-03-17,97.75,100.15
2020-03-18,97.03,100.0
2020-03-19,96.15,99.71
2020-03-20,95.1,99.36
2020-03-21,93.66,98.76
2020-03-22,92.39,98.24
2020-03-23,90.87,97.57
2020-03-24,89.56,97.06
2020-03-25,88.17,96.38
2020-03-26,86.74,95.39
2020-03-27,85.19,93.96
2020-03-28,83.97,92.62
2020-03-29,82.56,91.13
2020-03-30,81.35,89.75
2020-03-31,80.09,88.25
2020-04-01,78.88,86.8
2020-04-02,77.69,85.57
2020-04-03,76.75,84.85
2020-04-04,75.59,84.04
2020-04-05,74.46,83.25
2020-04-06,73.4,82.37
2020-04-07,72.2,81.42
2020-04-08,71.37,80.66
2020-04-09,70.52,79.86
2020-04-10,69.7,79.12
2020-04-11,69.16,78.65
2020-04-12,68.66,78.19
2020-04-13,68.1,77.81
2020-04-14,67.74,77.48
2020-04-15,67.19,77.04
2020-04-16,66.78,76.65
2020-04-17,66.34,76.22
2020-04-18,65.94,75.73
2020-04-19,65.54,75.18
2020-04-20,65.19,74.73
2020-04-21,64.86,74.36
2020-04-22,64.51,73.96
2020-04-23,64.16,73.68
2020-04-24,63.86,73.34
2020-04-25,63.61,72.93
2020-04-26,63.35,72.6
2020-04-27,63.07,72.18
2020-04-28,62.77,71.75
2020-04-29,62.55,71.27
2020-04-30,62.42,70.76
2020-05-01,62.33,70.28
2020-05-02,62.22,69.89
2020-05-03,62.12,69.46
2020-05-04,62.0,69.04
2020-05-05,61.93,68.7
2020-05-06,61.93,68.5
2020-05-07,61.84,68.27
2020-05-08,61.84,68.02
2020-05-09,61.9,67.82
2020-05-10,62.03,67.74
2020-05-11,62.08,67.59
2020-05-12,62.17,67.29
2020-05-13,61.87,66.68
2020-05-14,61.9,66.26
2020-05-15,62.12,66.05
2020-05-16,62.2,65.62
2020-05-17,62.32,65.15
2020-05-18,62.52,64.88
2020-05-19,62.68,64.7
2020-05-20,63.19,64.88
2020-05-21,63.56,65.06
2020-05-22,63.73,65.12
2020-05-23,64.01,65.24
2020-05-24,64.16,65.37
2020-05-25,64.24,65.34
2020-05-26,64.32,65.31
2020-05-27,64.37,65.19
2020-05-28,64.35,64.92
2020-05-29,64.5,64.75
2020-05-30,64.8,64.99
2020-05-31,65.06,64.93
2020-06-01,65.37,64.83
2020-06-02,65.8,64.88
2020-06-03,66.27,65.05
2020-06-04,66.76,65.12
2020-06-05,67.09,65.17
2020-06-06,67.32,65.09
2020-06-07,67.5,65.19
2020-06-08,67.74,65.34
2020-06-09,67.96,65.28
2020-06-10,68.16,65.21
2020-06-11,68.37,65.23
2020-06-12,68.6,65.21
2020-06-13,68.8,64.99
2020-06-14,69.24,64.92
2020-06-15,69.69,64.95
2020-06-16,70.08,65.01
2020-06-17,70.47,65.0
2020-06-18,70.89,65.09
2020-06-19,71.3,65.12
2020-06-20,71.83,65.35
2020-06-21,72.35,65.55
2020-06-22,72.76,65.56
2020-06-23,72.97,65.58
2020-06-24,73.19,65.58
2020-06-25,73.38,65.6
2020-06-26,73.53,65.61
2020-06-27,73.56,65.52
2020-06-28,73.43,65.4
2020-06-29,73.6,65.38
2020-06-30,74.03,65.36
2020-07-01,74.42,65.37
2020-07-02,74.71,65.39
2020-07-03,75.04,65.42
2020-07-04,75.34,65.46
2020-07-05,75.75,65.51
2020-07-06,75.88,65.53
2020-07-07,75.86,65.65
2020-07-08,76.06,65.95
2020-07-09,76.39,66.11
2020-07-10,76.71,66.39
2020-07-11,77.06,66.67
2020-07-12,77.39,66.94
2020-07-13,77.69,67.3
2020-07-14,78.14,67.62
2020-07-15,78.3,67.76
2020-07-16,78.45,67.91
2020-07-17,78.58,68.01
2020-07-18,78.57,67.86
2020-07-19,78.69,67.94
2020-07-20,78.9,68.03
2020-07-21,79.09,68.12
2020-07-22,79.39,68.24
2020-07-23,79.72,68.33
2020-07-24,80.07,68.43
2020-07-25,80.6,68.75
2020-07-26,80.98,68.8
2020-07-27,81.26,68.78
2020-07-28,81.56,68.8
2020-07-29,81.81,68.79
2020-07-30,82.0,68.84
2020-07-31,82.17,68.87
2020-08-01,82.31,69.12
2020-08-02,82.46,69.29
2020-08-03,82.64,69.49
2020-08-04,82.71,69.59
2020-08-05,82.77,69.64
2020-08-06,82.76,69.7
2020-08-07,82.69,69.62
2020-08-08,82.69,69.57
2020-08-09,82.65,69.65
2020-08-10,82.62,69.75
2020-08-11,82.66,69.92
2020-08-12,82.62,69.98
2020-08-13,82.62,70.09
2020-08-14,82.71,70.31
2020-08-15,82.51,70.09
2020-08-16,82.55,70.1
2020-08-17,82.59,70.1
2020-08-18,82.59,70.14
2020-08-19,82.72,70.22
2020-08-20,82.87,70.24
2020-08-21,82.98,70.25
2020-08-22,83.27,70.48
2020-08-23,83.36,70.51
2020-08-24,83.42,70.49
2020-08-25,83.54,70.41
2020-08-26,83.62,70.48
2020-08-27,83.65,70.57
2020-08-28,83.73,70.69
2020-08-29,83.85,70.77
2020-08-30,83.97,70.81
2020-08-31,84.08,70.91
2020-09-01,84.16,71.0
2020-09-02,84.32,71.16
2020-09-03,84.54,71.28
2020-09-04,84.73,71.5
2020-09-05,84.83,71.7
2020-09-06,84.98,71.93
2020-09-07,85.07,72.14
2020-09-08,85.17,72.35
2020-09-09,85.2,72.4
2020-09-10,85.34,72.54
2020-09-11,85.52,72.63
2020-09-12,85.71,72.76
2020-09-13,85.78,72.81
2020-09-14,85.88,72.83
2020-09-15,86.06,72.92
2020-09-16,86.27,73.09
2020-09-17,86.47,73.29
2020-09-18,86.66,73.38
2020-09-19,86.81,73.45
2020-09-20,87.07,73.59
2020-09-21,87.31,73.68
2020-09-22,87.54,73.74
2020-09-23,87.74,73.76
2020-09-24,87.8,73.75
2020-09-25,87.88,73.89
2020-09-26,87.96,73.98
2020-09-27,88.03,74.07
2020-09-28,88.16,74.28
2020-09-29,88.35,74.5
2020-09-30,88.57,74.82
2020-10-01,88.68,75.03
2020-10-02,88.84,75.26
2020-10-03,89.07,75.55
2020-10-04,89.26,75.84
2020-10-05,89.41,76.03
2020-10-06,89.46,76.17
2020-10-07,89.4,76.24
2020-10-08,89.62,76.39
2020-10-09,89.73,76.48
2020-10-10,89.87,76.49
2020-10-11,90.05,76.59
2020-10-12,90.26,76.77
2020-10-13,90.41,76.93
2020-10-14,90.61,77.18
2020-10-15,90.72,77.48
2020-10-16,90.77,77.62
2020-10-17,90.67,77.83
2020-10-18,90.62,78.02
2020-10-19,90.63,78.34
2020-10-20,90.75,78.7
2020-10-21,90.91,79.01
2020-10-22,91.08,79.02
2020-10-23,91.19,79.26
2020-10-24,91.43,79.53
2020-10-25,91.56,79.72
2020-10-26,91.62,79.76
2020-10-27,91.71,79.88
2020-10-28,91.75,80.0
2020-10-29,91.71,80.26
2020-10-30,91.79,80.3
2020-10-31,91.85,80.49
2020-11-01,91.97,80.76
2020-11-02,92.2,80.97
2020-11-03,92.32,81.06
2020-11-04,92.47,81.17
2020-11-05,92.63,81.29
2020-11-06,92.79,81.54
2020-11-07,92.93,81.63
2020-11-08,93.13,81.68
2020-11-09,93.22,81.72
2020-11-10,93.39,81.89
2020-11-11,93.54,81.94
2020-11-12,93.66,82.1
2020-11-13,93.76,82.24
2020-11-14,93.66,82.27
2020-11-15,93.67,82.55
2020-11-16,93.71,83.01
2020-11-17,93.69,83.35
2020-11-18,93.71,83.84
2020-11-19,93.7,84.26
2020-11-20,93.71,84.68
2020-11-21,93.96,85.18
2020-11-22,94.1,85.41
2020-11-23,94.23,85.73
2020-11-24,94.35,86.04
2020-11-25,94.4,86.33
2020-11-26,94.54,86.65
2020-11-27,94.62,86.88
2020-11-28,94.64,87.16
2020-11-29,94.51,87.53
2020-11-30,94.43,87.81
2020-12-01,94.26,87.86
2020-12-02,94.22,88.04
2020-12-03,94.18,88.25
2020-12-04,94.15,88.59
2020-12-05,94.23,88.93
2020-12-06,94.32,89.03
2020-12-07,94.29,89.02
2020-12-08,94.45,89.32
2020-12-09,94.49,89.51
2020-12-10,94.5,89.49
2020-12-11,94.61,89.62
2020-12-12,94.59,89.46
2020-12-13,94.78,89.68
2020-12-14,95.07,90.02
2020-12-15,95.22,90.21
2020-12-16,95.39,90.29
2020-12-17,95.41,90.42
2020-12-18,95.39,90.4
2020-12-19,95.42,90.6
2020-12-20,95.34,90.6
2020-12-21,95.22,90.51
2020-12-22,95.18,90.57
2020-12-23,95.12,90.59
2020-12-24,95.15,90.71
2020-12-25,95.13,90.77
2020-12-26,95.16,90.9
2020-12-27,95.18,90.97
2020-12-28,95.22,91.06
2020-12-29,95.27,91.17
2020-12-30,95.37,91.24
2020-12-31,95.38,91.28
2021-01-01,95.36,91.26
2021-01-02,95.37,91.18
2021-01-03,95.32,91.1
2021-01-04,95.3,90.9
2021-01-05,95.24,90.6
2021-01-06,95.28,90.53
2021-01-07,95.41,90.6
2021-01-08,95.85,90.79
2021-01-09,96.19,90.83
2021-01-10,96.66,91.1
2021-01-11,97.07,91.48
2021-01-12,97.41,92.01
2021-01-13,97.67,92.42
2021-01-14,98.02,92.74
2021-01-15,98.13,93.16
2021-01-16,98.32,93.82
2021-01-17,98.38,94.24
2021-01-18,98.46,94.54
2021-01-19,98.67,94.78
2021-01-20,98.86,94.91
2021-01-21,98.95,95.02
2021-01-22,99.06,95.08
2021-01-23,98.97,94.7
2021-01-24,99.09,94.8
2021-01-25,99.24,95.01
2021-01-26,99.28,95.28
2021-01-27,99.32,95.64
2021-01-28,99.49,96.08
2021-01-29,99.63,96.52
2021-01-30,99.94,97.22
2021-01-31,100.13,97.61
2021-02-01,100.32,98.01
2021-02-02,100.65,98.38
2021-02-03,100.87,98.68
2021-02-04,100.86,98.9
2021-02-05,101.13,99.23
2021-02-06,101.31,99.55
2021-02-07,101.45,99.92
2021-02-08,101.64,100.25
2021-02-09,101.77,100.52
2021-02-10,102.07,100.88
2021-02-11,102.53,101.33
2021-02-12,102.82,101.71
2021-02-13,103.15,102.24
2021-02-14,103.49,102.6
2021-02-15,103.83,102.98
2021-02-16,104.13,103.39
2021-02-17,104.33,103.79
2021-02-18,104.46,104.11
2021-02-19,104.59,104.38
2021-02-20,104.59,104.41
2021-02-21,104.73,104.7
2021-02-22,104.83,105.04
2021-02-23,104.9,105.38
2021-02-24,105.09,105.78
2021-02-25,105.32,106.22
2021-02-26,105.52,106.65
2021-02-27,105.82,107.2
2021-02-28,105.98,107.58
2021-03-01,106.01,107.83
2021-03-02,106.18,108.13
2021-03-03,106.33,108.34
2021-03-04,106.6,108.54
2021-03-05,106.89,108.71
2021-03-06,107.15,108.63
2021-03-07,107.35,108.86
2021-03-08,107.75,109.21
2021-03-09,108.13,109.52
2021-03-10,108.41,109.83
2021-03-11,108.68,110.12
2021-03-12,108.97,110.47
2021-03-13,109.44,111.21
2021-03-14,109.86,111.53
2021-03-15,110.17,111.76
2021-03-16,110.5,112.09
2021-03-17,110.79,112.38
2021-03-18,111.12,112.79
2021-03-19,111.42,113.22
2021-03-20,111.68,113.57
2021-03-21,112.08,114.04
2021-03-22,112.47,114.5
2021-03-23,112.92,114.89
2021-03-24,113.45,115.36
2021-03-25,113.84,115.65
2021-03-26,114.28,115.87
2021-03-27,114.81,116.12
2021-03-28,115.27,116.27
2021-03-29,115.72,116.45
2021-03-30,116.21,116.62
2021-03-31,116.77,116.71
2021-04-01,117.23,116.89
2021-04-02,117.61,117.1
2021-04-03,117.9,117.26
2021-04-04,118.35,117.51
2021-04-05,118.89,117.82
2021-04-06,119.28,118.06
2021-04-07,119.4,118.28
2021-04-08,119.74,118.49
2021-04-09,120.14,118.77
2021-04-10,120.41,118.73
2021-04-11,120.52,118.75
2021-04-12,120.68,118.79
2021-04-13,120.86,118.93
2021-04-14,121.27,119.16
2021-04-15,121.6,119.35
2021-04-16,121.9,119.52
2021-04-17,122.39,120.1
2021-04-18,122.92,120.61
2021-04-19,123.33,121.04
2021-04-20,123.74,121.48
2021-04-21,124.14,121.89
2021-04-22,124.5,122.33
2021-04-23,124.87,122.77
2021-04-24,125.17,123.2
2021-04-25,125.41,123.42
2021-04-26,125.62,123.69
2021-04-27,125.84,123.94
2021-04-28,126.01,124.22
2021-04-29,126.2,124.78
2021-04-30,126.36,125.24
2021-05-01,126.44,125.6
2021-05-02,126.52,126.16
2021-05-03,126.64,126.7
2021-05-04,126.76,127.3
2021-05-05,126.88,127.88
2021-05-06,127.05,128.26
2021-05-07,126.99,128.64
2021-05-08,127.23,129.13
2021-05-09,127.54,129.46
2021-05-10,127.79,129.82
2021-05-11,128.05,130.15
2021-05-12,128.39,130.62
2021-05-13,128.68,131.09
2021-05-14,129.13,131.54
2021-05-15,129.29,131.86
2021-05-16,129.41,132.34
2021-05-17,129.57,132.77
2021-05-18,129.69,133.2
2021-05-19,129.67,133.41
2021-05-20,129.69,133.66
2021-05-21,129.67,133.89
2021-05-22,129.55,133.75
2021-05-23,129.66,133.88
2021-05-24,129.7,133.88
2021-05-25,129.77,133.76
2021-05-26,129.95,133.61
2021-05-27,130.12,133.46
2021-05-28,130.37,133.32
2021-05-29,130.81,133.69
2021-05-30,131.08,133.73
2021-05-31,131.41,133.92
2021-06-01,131.51,133.96
2021-06-02,131.6,134.29
2021-06-03,131.72,134.5
2021-06-04,131.86,134.86
2021-06-05,131.93,135.09
2021-06-06,131.99,135.4
2021-06-07,131.87,135.68
2021-06-08,132.06,135.99
2021-06-09,132.25,136.21
2021-06-10,132.41,136.51
2021-06-11,132.55,136.69
2021-06-12,132.71,136.88
2021-06-13,132.83,137.12
2021-06-14,133.16,137.45
2021-06-15,133.48,137.95
2021-06-16,133.66,138.22
2021-06-17,133.76,138.47
2021-06-18,133.84,138.49
2021-06-19,134.01,138.67
2021-06-20,134.16,138.62
2021-06-21,134.36,138.6
2021-06-22,134.36,138.49
2021-06-23,134.54,138.58
2021-06-24,134.8,138.68
2021-06-25,135.09,139.03
2021-06-26,135.31,139.3
2021-06-27,135.56,139.68
2021-06-28,135.77,139.98
2021-06-29,136.08,140.42
2021-06-30,136.35,140.8
2021-07-01,136.61,141.17
2021-07-02,136.72,141.47
2021-07-03,136.92,141.78
2021-07-04,137.09,142.11
2021-07-05,137.26,142.46
2021-07-06,137.34,142.85
2021-07-07,137.28,143.18
2021-07-08,137.33,143.46
2021-07-09,137.52,143.81
2021-07-10,137.47,144.04
2021-07-11,137.45,144.22
2021-07-12,137.39,144.3
2021-07-13,137.43,144.5
2021-07-14,137.53,144.75
2021-07-15,137.57,145.03
2021-07-16,137.58,145.18
2021-07-17,137.75,145.35
2021-07-18,138.04,145.78
2021-07-19,138.39,146.28
2021-07-20,138.72,146.66
2021-07-21,138.79,146.92
2021-07-22,138.63,147.22
2021-07-23,138.49,147.72
2021-07-24,138.27,148.28
2021-07-25,137.9,148.68
2021-07-26,137.42,149.0
2021-07-27,137.01,149.31
2021-07-28,136.88,149.74
2021-07-29,136.85,150.12
2021-07-30,136.65,150.37
2021-07-31,136.77,150.75
2021-08-01,136.82,150.99
2021-08-02,136.97,151.23
2021-08-03,137.01,151.4
2021-08-04,137.14,151.62
2021-08-05,137.3,151.85
2021-08-06,137.7,152.15
2021-08-07,137.71,151.71
2021-08-08,137.89,151.93
2021-08-09,138.02,152.23
2021-08-10,138.2,152.63
2021-08-11,138.3,153.13
2021-08-12,138.5,153.66
2021-08-13,138.66,154.25
2021-08-14,138.91,155.5
2021-08-15,139.08,156.14
2021-08-16,139.22,156.69
2021-08-17,139.41,157.35
2021-08-18,139.6,157.49
2021-08-19,139.78,157.94
2021-08-20,139.95,158.44
2021-08-21,140.19,159.74
2021-08-22,140.49,161.13
2021-08-23,140.77,162.62
2021-08-24,140.94,163.83
2021-08-25,141.21,165.62
2021-08-26,141.36,167.17
2021-08-27,141.46,168.44
2021-08-28,141.52,168.84
2021-08-29,141.61,169.2
2021-08-30,141.72,169.54
2021-08-31,141.85,169.78
2021-09-01,141.84,169.77
2021-09-02,141.93,169.75
2021-09-03,142.06,170.01
2021-09-04,142.11,170.03
2021-09-05,142.24,170.35
2021-09-06,142.46,170.67
2021-09-07,142.52,171.2
2021-09-08,142.73,171.75
2021-09-09,142.85,172.05
2021-09-10,142.78,172.15
2021-09-11,142.8,172.6
2021-09-12,142.71,172.76
2021-09-13,142.57,172.85
2021-09-14,142.75,172.94
2021-09-15,142.89,173.15
2021-09-16,142.99,173.37
2021-09-17,143.28,173.75
2021-09-18,143.57,174.04
2021-09-19,143.88,174.37
2021-09-20,144.16,174.72
2021-09-21,144.25,175.05
2021-09-22,144.36,175.33
2021-09-23,144.5,175.81
2021-09-24,144.56,176.2
2021-09-25,144.57,176.56
2021-09-26,144.56,176.94
2021-09-27,144.57,177.31
2021-09-28,144.69,177.8
2021-09-29,144.76,178.33
2021-09-30,144.91,178.63
2021-10-01,145.05,179.01
2021-10-02,145.35,179.42
2021-10-03,145.58,179.78
2021-10-04,145.79,180.09
2021-10-05,145.91,180.41
2021-10-06,146.06,180.66
2021-10-07,146.15,181.2
2021-10-08,146.29,181.52
2021-10-09,146.45,182.2
2021-10-10,146.55,182.9
2021-10-11,146.68,183.53
2021-10-12,146.74,184.25
2021-10-13,146.74,184.84
2021-10-14,146.81,185.59
2021-10-15,146.98,186.53
2021-10-16,146.84,186.95
2021-10-17,146.96,187.55
2021-10-18,146.97,188.24
2021-10-19,147.23,188.84
2021-10-20,147.47,189.46
2021-10-21,147.72,189.77
2021-10-22,147.94,189.9
2021-10-23,148.32,190.44
2021-10-24,148.48,190.71
2021-10-25,148.71,190.97
2021-10-26,148.8,191.18
2021-10-27,148.97,191.41
2021-10-28,149.05,191.71
2021-10-29,149.06,192.32
2021-10-30,149.23,192.79
2021-10-31,149.37,193.29
2021-11-01,149.63,193.79
2021-11-02,150.02,194.22
2021-11-03,150.3,194.63
2021-11-04,150.56,195.01
2021-11-05,150.9,195.21
2021-11-06,150.97,195.38
2021-11-07,151.27,195.92
2021-11-08,151.51,196.42
2021-11-09,151.59,196.85
2021-11-10,151.8,197.52
2021-11-11,152.22,198.82
2021-11-12,152.46,199.75
2021-11-13,152.79,201.0
2021-11-14,153.03,202.03
2021-11-15,153.29,202.86
2021-11-16,153.62,204.05
2021-11-17,153.93,205.1
2021-11-18,154.03,205.43
2021-11-19,154.31,206.37
2021-11-20,154.39,206.48
2021-11-21,154.74,206.99
2021-11-22,155.06,207.75
2021-11-23,155.21,208.2
2021-11-24,155.32,208.7
2021-11-25,155.4,208.88
2021-11-26,155.37,209.18
2021-11-27,155.6,209.84
2021-11-28,155.44,209.84
2021-11-29,155.21,209.77
2021-11-30,155.16,210.01
2021-12-01,155.02,209.9
2021-12-02,155.14,210.43
2021-12-03,155.21,210.64
2021-12-04,155.52,210.98
2021-12-05,155.9,211.5
2021-12-06,156.37,212.13
2021-12-07,156.59,212.18
2021-12-08,157.05,212.52
2021-12-09,157.3,212.81
2021-12-10,157.64,213.02
2021-12-11,157.54,212.86
2021-12-12,157.7,213.11
2021-12-13,157.83,213.42
2021-12-14,158.2,214.11
2021-12-15,158.31,214.85
2021-12-16,158.35,215.33
2021-12-17,158.51,216.02
2021-12-18,158.78,216.97
2021-12-19,158.84,217.61
2021-12-20,158.86,218.05
2021-12-21,158.63,217.52
2021-12-22,158.38,216.91
2021-12-23,158.25,216.37
2021-12-24,157.95,215.61
2021-12-25,157.75,214.92
2021-12-26,157.51,214.07
2021-12-27,157.38,213.19
2021-12-28,157.51,213.77
2021-12-29,157.64,213.81
2021-12-30,157.69,213.66
2021-12-31,157.66,213.46
2022-01-01,157.56,213.06
2022-01-02,157.38,212.5
2022-01-03,157.08,211.97
2022-01-04,156.84,210.93
2022-01-05,156.67,210.45
2022-01-06,156.59,210.12
2022-01-07,156.49,210.05
2022-01-08,156.4,209.79
2022-01-09,156.54,210.43
2022-01-10,156.69,211.22
2022-01-11,156.67,211.93
2022-01-12,156.68,212.68
2022-01-13,156.69,213.67
2022-01-14,156.41,214.13
2022-01-15,156.56,215.52
2022-01-16,156.47,216.18
2022-01-17,156.39,216.67
2022-01-18,156.39,217.39
2022-01-19,156.43,218.07
2022-01-20,156.42,218.58
2022-01-21,156.78,219.4
2022-01-22,156.65,219.39
2022-01-23,156.68,219.67
2022-01-24,156.71,220.12
2022-01-25,156.79,220.59
2022-01-26,156.82,221.0
2022-01-27,156.91,221.5
2022-01-28,157.04,222.19
2022-01-29,157.3,223.29
2022-01-30,157.54,224.1
2022-01-31,157.69,224.54
2022-02-01,157.78,225.22
2022-02-02,157.98,225.93
2022-02-03,158.18,226.54
2022-02-04,158.34,226.92
2022-02-05,158.48,227.19
2022-02-06,158.56,227.4
2022-02-07,158.59,228.02
2022-02-08,158.72,227.63
2022-02-09,158.84,227.87
2022-02-10,159.0,228.02
2022-02-11,159.15,228.19
2022-02-12,159.34,228.38
2022-02-13,159.46,228.57
2022-02-14,159.62,228.62
2022-02-15,159.76,228.68
2022-02-16,159.9,228.78
2022-02-17,159.95,229.04
2022-02-18,160.01,229.46
2022-02-19,159.92,229.35
2022-02-20,160.08,229.92
2022-02-21,160.32,230.46
2022-02-22,160.31,231.41
2022-02-23,160.29,231.96
2022-02-24,160.41,232.41
2022-02-25,160.51,232.7
2022-02-26,160.8,233.48
2022-02-27,160.79,233.62
2022-02-28,160.73,233.94
2022-03-01,160.68,233.63
2022-03-02,160.69,233.49
2022-03-03,160.61,233.15
2022-03-04,160.61,232.91
2022-03-05,160.47,232.33
2022-03-06,160.51,232.07
2022-03-07,160.38,231.52
2022-03-08,160.52,231.87
2022-03-09,160.63,231.98
2022-03-10,160.64,232.15
2022-03-11,160.66,232.26
2022-03-12,160.76,232.68
2022-03-13,160.76,232.71
2022-03-14,160.9,232.78
2022-03-15,160.85,231.76
2022-03-16,160.87,230.58
2022-03-17,160.96,229.33
2022-03-18,160.91,227.87
2022-03-19,160.79,226.48
2022-03-20,160.7,225.36
2022-03-21,160.62,223.76
2022-03-22,160.68,223.19
2022-03-23,160.48,223.05
2022-03-24,160.49,223.2
2022-03-25,160.61,223.77
2022-03-26,160.74,224.34
2022-03-27,160.93,224.73
2022-03-28,161.07,225.14
2022-03-29,161.07,225.15
2022-03-30,161.42,225.48
2022-03-31,161.57,225.68
2022-04-01,161.47,225.73
2022-04-02,161.4,225.47
2022-04-03,161.22,225.27
2022-04-04,161.13,225.03
2022-04-05,161.11,225.65
2022-04-06,160.91,225.53
2022-04-07,160.57,225.32
2022-04-08,160.56,225.17
2022-04-09,160.22,224.9
2022-04-10,159.79,224.47
2022-04-11,159.36,224.1
2022-04-12,158.98,223.82
2022-04-13,158.65,223.62
2022-04-14,158.5,223.57
2022-04-15,158.31,223.33
2022-04-16,158.51,223.52
2022-04-17,158.85,223.97
2022-04-18,159.17,224.67
2022-04-19,159.53,225.01
2022-04-20,159.82,225.37
2022-04-21,160.12,225.63
2022-04-22,160.55,226.01
2022-04-23,160.91,226.38
2022-04-24,160.98,226.37
2022-04-25,161.07,226.59
2022-04-26,161.14,226.55
2022-04-27,160.76,224.33
2022-04-28,160.69,224.26
2022-04-29,160.46,223.96
2022-04-30,160.18,223.65
2022-05-01,160.58,223.62
2022-05-02,160.56,223.29
2022-05-03,160.49,223.31
2022-05-04,160.92,225.47
2022-05-05,160.87,225.56
2022-05-06,160.88,226.07
2022-05-07,160.75,226.35
2022-05-08,160.35,226.7
2022-05-09,160.38,227.5
2022-05-10,160.44,228.06
2022-05-11,160.38,228.36
2022-05-12,160.46,228.54
2022-05-13,160.4,228.44
2022-05-14,160.56,228.53
2022-05-15,160.65,228.55
2022-05-16,160.73,228.48
2022-05-17,160.76,227.76
2022-05-18,160.99,227.67
2022-05-19,161.08,227.63
2022-05-20,161.24,227.58
2022-05-21,161.14,227.15
2022-05-22,161.25,227.12
2022-05-23,161.29,226.9
2022-05-24,161.38,227.33
2022-05-25,161.26,227.21
2022-05-26,161.1,227.02
2022-05-27,161.01,226.77
2022-05-28,161.14,226.79
2022-05-29,160.98,226.35
2022-05-30,160.9,226.07
2022-05-31,160.68,225.51
2022-06-01,160.47,224.97
2022-06-02,160.44,224.15
2022-06-03,160.28,223.36
2022-06-04,160.17,222.62
2022-06-05,159.99,221.77
2022-06-06,159.77,220.9
2022-06-07,159.69,220.1
2022-06-08,159.65,219.43
2022-06-09,159.49,219.07
2022-06-10,159.36,218.62
2022-06-11,159.21,218.2
2022-06-12,159.13,217.87
2022-06-13,159.06,217.62
2022-06-14,159.04,217.52
2022-06-15,158.99,217.4
2022-06-16,158.92,217.1
2022-06-17,158.91,217.01
2022-06-18,158.88,216.79
2022-06-19,158.92,216.77
2022-06-20,158.92,216.74
2022-06-21,158.83,216.69
2022-06-22,158.78,216.6
2022-06-23,158.8,216.71
2022-06-24,158.71,216.53
2022-06-25,158.42,216.14
2022-06-26,158.21,215.76
2022-06-27,157.94,215.03
2022-06-28,157.71,214.09
2022-06-29,157.78,213.12
2022-06-30,157.78,212.16
2022-07-01,157.74,211.43
2022-07-02,157.93,210.99
2022-07-03,157.97,210.25
2022-07-04,157.95,209.44
2022-07-05,158.01,209.23
2022-07-06,157.63,208.55
2022-07-07,157.2,207.86
2022-07-08,157.07,207.14
2022-07-09,156.76,206.21
2022-07-10,156.57,205.43
2022-07-11,156.51,205.04
2022-07-12,156.36,204.22
2022-07-13,156.28,203.72
2022-07-14,156.26,203.15
2022-07-15,156.1,202.55
2022-07-16,156.03,202.12
2022-07-17,155.9,201.73
2022-07-18,155.67,200.97
2022-07-19,155.56,200.11
2022-07-20,155.48,199.73
2022-07-21,155.35,198.99
2022-07-22,155.34,198.51
2022-07-23,155.22,197.58
2022-07-24,155.22,196.96
2022-07-25,155.27,196.42
2022-07-26,155.25,195.98
2022-07-27,155.25,195.19
2022-07-28,155.34,194.9
2022-07-29,155.24,194.47
2022-07-30,155.36,194.64
2022-07-31,155.32,194.39
2022-08-01,155.3,194.3
2022-08-02,155.25,194.0
2022-08-03,155.24,193.79
2022-08-04,155.2,193.42
2022-08-05,155.26,193.05
2022-08-06,155.27,192.46
2022-08-07,155.27,191.91
2022-08-08,155.22,191.55
2022-08-09,155.16,191.34
2022-08-10,155.01,190.94
2022-08-11,154.89,190.52
2022-08-12,154.74,189.93
2022-08-13,154.46,189.17
2022-08-14,154.27,188.6
2022-08-15,154.13,187.97
2022-08-16,153.97,187.3
2022-08-17,153.85,186.64
2022-08-18,153.68,186.0
2022-08-19,153.52,185.48
2022-08-20,153.46,185.15
2022-08-21,153.33,184.71
2022-08-22,153.2,184.2
2022-08-23,153.07,183.41
2022-08-24,153.03,183.14
2022-08-25,153.0,182.99
2022-08-26,152.98,182.69
2022-08-27,152.99,182.47
2022-08-28,152.91,182.11
2022-08-29,152.8,181.65
2022-08-30,152.75,181.41
2022-08-31,152.69,180.96
2022-09-01,152.55,180.44
2022-09-02,152.43,179.99
2022-09-03,152.37,179.58
2022-09-04,152.41,179.23
2022-09-05,152.42,178.82
2022-09-06,152.32,178.49
2022-09-07,152.04,177.88
2022-09-08,151.98,177.28
2022-09-09,151.89,176.78
2022-09-10,151.79,176.22
2022-09-11,151.59,175.55
2022-09-12,151.49,175.06
2022-09-13,151.49,174.64
2022-09-14,151.5,174.28
2022-09-15,151.41,174.02
2022-09-16,151.36,173.73
2022-09-17,151.24,173.3
2022-09-18,151.2,173.01
2022-09-19,151.04,172.56
2022-09-20,150.81,171.93
2022-09-21,150.71,171.54
2022-09-22,150.54,171.06
2022-09-23,150.46,170.55
2022-09-24,150.39,170.2
2022-09-25,150.35,169.76
2022-09-26,150.34,169.5
2022-09-27,150.44,169.46
2022-09-28,150.45,169.13
2022-09-29,150.42,168.77
2022-09-30,150.29,168.42
2022-10-01,150.1,168.12
2022-10-02,150.01,167.78
2022-10-03,149.96,167.41
2022-10-04,149.77,166.71
2022-10-05,149.7,166.17
2022-10-06,149.65,165.54
2022-10-07,149.47,164.74
2022-10-08,149.52,163.96
2022-10-09,149.39,163.17
2022-10-10,149.3,162.53
2022-10-11,149.31,162.1
2022-10-12,149.25,161.59
2022-10-13,149.3,161.2
2022-10-14,149.46,161.05
2022-10-15,149.4,160.69
2022-10-16,149.48,160.53
2022-10-17,149.44,160.17
2022-10-18,149.4,159.86
2022-10-19,149.36,159.59
2022-10-20,149.25,159.21
2022-10-21,149.2,158.79
2022-10-22,148.93,157.84
2022-10-23,148.77,157.31
2022-10-24,148.68,156.9
2022-10-25,148.57,156.49
2022-10-26,148.47,156.01
2022-10-27,148.43,155.78
2022-10-28,148.31,155.42
2022-10-29,148.47,155.76
2022-10-30,148.49,155.54
2022-10-31,148.48,155.41
2022-11-01,148.36,155.11
2022-11-02,148.4,154.5
2022-11-03,148.37,153.62
2022-11-04,148.44,152.93
2022-11-05,148.47,152.07
2022-11-06,148.48,151.32
2022-11-07,148.41,150.49
2022-11-08,148.66,149.74
2022-11-09,148.75,149.27
2022-11-10,148.86,148.82
2022-11-11,148.86,148.23
2022-11-12,148.89,147.87
2022-11-13,148.9,147.36
2022-11-14,149.0,146.81
2022-11-15,148.95,146.34
2022-11-16,148.93,146.0
2022-11-17,148.89,145.74
2022-11-18,148.82,145.45
2022-11-19,148.64,144.97
2022-11-20,148.55,144.65
2022-11-21,148.47,144.32
2022-11-22,148.41,143.95
2022-11-23,148.28,143.68
2022-11-24,148.11,143.36
2022-11-25,148.01,143.21
2022-11-26,147.95,143.19
2022-11-27,147.84,142.99
2022-11-28,147.7,142.79
2022-11-29,147.5,142.7
2022-11-30,147.37,142.55
2022-12-01,147.08,142.4
2022-12-02,146.84,141.98
2022-12-03,146.65,141.53
2022-12-04,146.41,140.98
2022-12-05,146.26,140.58
2022-12-06,146.08,139.87
2022-12-07,145.65,138.99
2022-12-08,145.5,138.21
2022-12-09,145.45,137.61
2022-12-10,145.24,136.89
2022-12-11,145.15,136.38
2022-12-12,145.01,135.71
2022-12-13,144.96,135.25
2022-12-14,145.22,135.2
2022-12-15,145.33,134.9
2022-12-16,145.27,134.6
2022-12-17,145.31,134.37
2022-12-18,145.27,134.08
2022-12-19,145.23,133.82
2022-12-20,145.14,133.57
2022-12-21,144.98,133.1
2022-12-22,144.85,132.74
2022-12-23,144.63,132.31
2022-12-24,144.49,132.08
2022-12-25,144.34,131.8
2022-12-26,144.24,131.62
2022-12-27,144.15,131.48
2022-12-28,143.96,131.2
2022-12-29,143.82,130.98
2022-12-30,143.76,130.85
2022-12-31,143.6,130.63
2023-01-01,143.27,130.39
2023-01-02,143.04,130.07
2023-01-03,142.78,129.68
2023-01-04,142.42,129.05
2023-01-05,142.07,128.65
2023-01-06,141.82,128.34
2023-01-07,141.53,127.99
2023-01-08,141.6,127.78
2023-01-09,141.46,127.53
2023-01-10,141.4,127.45
2023-01-11,141.49,127.66
2023-01-12,141.56,127.7
2023-01-13,141.6,127.61
2023-01-14,141.62,127.33
2023-01-15,141.47,127.25
2023-01-16,141.42,127.2
2023-01-17,141.3,127.05
2023-01-18,141.16,126.75
2023-01-19,141.09,126.64
2023-01-20,140.97,126.24
2023-01-21,140.91,125.98
2023-01-22,140.89,125.55
2023-01-23,140.81,125.07
2023-01-24,140.75,124.58
2023-01-25,140.7,124.13
2023-01-26,140.59,123.47
2023-01-27,140.49,123.09
2023-01-28,140.47,122.78
2023-01-29,140.32,122.36
2023-01-30,140.19,121.95
2023-01-31,140.08,121.54
2023-02-01,139.98,121.23
2023-02-02,139.79,120.81
2023-02-03,139.62,120.35
2023-02-04,139.48,119.9
2023-02-05,139.35,119.33
2023-02-06,139.19,118.85
2023-02-07,138.89,118.25
2023-02-08,138.46,117.53
2023-02-09,138.3,117.07
2023-02-10,138.01,116.61
2023-02-11,137.67,116.1
2023-02-12,137.34,115.67
2023-02-13,137.07,115.22
2023-02-14,136.92,114.71
2023-02-15,137.02,114.31
2023-02-16,136.86,113.74
2023-02-17,136.81,113.15
2023-02-18,136.3,112.06
2023-02-19,136.19,111.5
2023-02-20,136.14,111.04
2023-02-21,136.1,110.63
2023-02-22,135.96,110.14
2023-02-23,136.01,109.63
2023-02-24,135.89,109.01
2023-02-25,136.17,108.95
2023-02-26,136.12,108.35
2023-02-27,135.94,107.63
2023-02-28,135.7,106.9
2023-03-01,134.97,106.04
2023-03-02,134.66,105.5
2023-03-03,134.45,105.13
2023-03-04,134.28,104.71
2023-03-05,134.19,104.43
2023-03-06,134.11,104.21
2023-03-07,133.83,103.95
2023-03-08,133.93,103.76
2023-03-09,133.67,103.48
2023-03-10,134.16,103.35
2023-03-11,134.73,103.23
2023-03-12,135.14,103.0
2023-03-13,135.49,102.62
2023-03-14,136.06,102.43
2023-03-15,136.8,102.44
2023-03-16,137.43,102.38
2023-03-17,137.38,102.2
2023-03-18,137.24,102.04
2023-03-19,137.08,101.97
2023-03-20,137.06,102.08
2023-03-21,137.05,102.16
2023-03-22,136.96,102.12
2023-03-23,136.76,101.96
2023-03-24,136.7,101.83
2023-03-25,136.57,101.67
2023-03-26,136.58,101.39
2023-03-27,136.52,101.02
2023-03-28,136.52,100.59
2023-03-29,136.43,100.23
2023-03-30,136.57,99.99
2023-03-31,136.52,99.75
2023-04-01,136.4,99.63
2023-04-02,136.37,99.51
2023-04-03,136.23,99.33
2023-04-04,136.24,99.2
2023-04-05,136.35,99.07
2023-04-06,136.37,99.01
2023-04-07,136.36,98.83
2023-04-08,136.62,98.63
2023-04-09,136.74,98.43
2023-04-10,137.02,98.48
2023-04-11,137.17,98.52
2023-04-12,137.3,98.52
2023-04-13,137.39,98.36
2023-04-14,137.45,98.28
2023-04-15,137.22,97.83
2023-04-16,137.24,97.8
2023-04-17,137.23,97.61
2023-04-18,137.2,97.44
2023-04-19,137.04,97.31
2023-04-20,136.99,97.3
2023-04-21,137.06,97.21
2023-04-22,137.35,97.5
2023-04-23,137.32,97.41
2023-04-24,137.31,97.31
2023-04-25,137.28,97.14
2023-04-26,137.39,97.52
2023-04-27,137.41,97.89
2023-04-28,137.4,99.1
2023-04-29,137.32,98.84
2023-04-30,137.25,98.52
2023-05-01,137.07,98.26
2023-05-02,137.02,98.13
2023-05-03,136.83,98.28
2023-05-04,136.49,98.07
2023-05-05,136.37,97.45
2023-05-06,136.29,98.18
2023-05-07,136.14,98.9
2023-05-08,136.15,99.45
2023-05-09,135.98,99.88
2023-05-10,135.95,99.56
2023-05-11,136.01,99.5
2023-05-12,135.32,98.7
2023-05-13,135.14,98.28
2023-05-14,135.06,97.93
2023-05-15,134.93,97.74
2023-05-16,134.72,97.53
2023-05-17,134.66,97.07
2023-05-18,134.65,96.87
2023-05-19,135.16,97.04
2023-05-20,135.21,96.83
2023-05-21,135.31,96.73
2023-05-22,135.44,96.56
2023-05-23,135.57,96.33
2023-05-24,135.59,96.4
2023-05-25,135.58,96.29
2023-05-26,135.53,96.16
2023-05-27,135.47,95.97
2023-05-28,135.32,95.58
2023-05-29,135.17,95.28
2023-05-30,135.08,95.04
2023-05-31,134.86,94.59
2023-06-01,134.5,94.05
2023-06-02,134.34,93.55
2023-06-03,134.13,93.33
2023-06-04,133.91,93.08
2023-06-05,133.71,92.81
2023-06-06,133.54,92.51
2023-06-07,133.31,92.22
2023-06-08,133.35,91.35
2023-06-09,133.19,90.38
2023-06-10,133.01,89.1
2023-06-11,132.9,87.95
2023-06-12,132.75,86.83
2023-06-13,132.64,85.7
2023-06-14,132.75,84.73
2023-06-15,132.69,84.52
2023-06-16,132.56,84.25
2023-06-17,132.5,84.24
2023-06-18,132.48,84.25
2023-06-19,132.44,84.23
2023-06-20,132.37,84.29
2023-06-21,132.16,84.3
2023-06-22,132.08,84.29
2023-06-23,132.04,84.22
2023-06-24,131.98,84.08
2023-06-25,131.8,83.89
2023-06-26,131.64,83.63
2023-06-27,131.48,83.43
2023-06-28,131.32,83.2
2023-06-29,131.28,82.91
2023-06-30,131.22,82.8
2023-07-01,131.05,82.67
2023-07-02,130.93,82.57
2023-07-03,130.85,82.52
2023-07-04,130.71,82.43
2023-07-05,130.74,82.46
2023-07-06,130.43,82.37
2023-07-07,130.07,82.32
2023-07-08,130.12,82.41
2023-07-09,130.06,82.46
2023-07-10,129.97,82.54
2023-07-11,130.0,82.59
2023-07-12,129.94,82.61
2023-07-13,130.07,83.19
2023-07-14,130.39,83.72
2023-07-15,130.39,84.1
2023-07-16,130.46,84.52
2023-07-17,130.5,84.95
2023-07-18,130.46,85.32
2023-07-19,130.42,85.68
2023-07-20,130.35,85.6
2023-07-21,130.27,85.48
2023-07-22,129.99,85.08
2023-07-23,129.99,84.88
2023-07-24,130.0,84.64
2023-07-25,130.07,84.47
2023-07-26,130.13,84.24
2023-07-27,130.17,83.68
2023-07-28,130.17,83.2
2023-07-29,130.44,82.95
2023-07-30,130.42,82.5
2023-07-31,130.4,82.04
2023-08-01,130.24,81.54
2023-08-02,130.17,80.99
2023-08-03,130.12,80.73
2023-08-04,130.1,80.46
2023-08-05,130.06,80.3
2023-08-06,130.01,80.08
2023-08-07,129.84,79.89
2023-08-08,129.93,79.76
2023-08-09,129.92,79.67
2023-08-10,129.9,79.57
2023-08-11,129.86,79.46
2023-08-12,129.73,79.28
2023-08-13,129.75,79.27
2023-08-14,129.85,79.19
2023-08-15,129.86,79.08
2023-08-16,129.82,78.99
2023-08-17,129.79,78.99
2023-08-18,129.77,79.12
2023-08-19,129.81,79.17
2023-08-20,129.76,79.08
2023-08-21,129.79,79.08
2023-08-22,129.64,79.12
2023-08-23,129.53,79.16
2023-08-24,129.47,79.13
2023-08-25,129.42,78.92
2023-08-26,129.35,78.82
2023-08-27,129.29,78.76
2023-08-28,129.23,78.67
2023-08-29,129.33,78.67
2023-08-30,129.43,78.62
2023-08-31,129.47,78.59
2023-09-01,129.18,78.66
2023-09-02,129.26,78.79
2023-09-03,129.22,78.87
2023-09-04,129.25,78.95
2023-09-05,129.2,78.92
2023-09-06,129.16,78.84
2023-09-07,129.02,78.8
2023-09-08,129.28,78.71
2023-09-09,129.29,78.6
2023-09-10,129.4,78.48
2023-09-11,129.43,78.34
2023-09-12,129.5,78.22
2023-09-13,129.58,78.2
2023-09-14,129.69,78.12
2023-09-15,129.68,77.95
2023-09-16,129.6,77.77
2023-09-17,129.3,77.47
2023-09-18,128.95,77.16
2023-09-19,128.63,76.86
2023-09-20,128.33,76.52
2023-09-21,128.15,76.16
2023-09-22,127.91,75.92
2023-09-23,127.69,75.62
2023-09-24,127.69,75.47
2023-09-25,127.8,75.39
2023-09-26,127.9,75.3
2023-09-27,127.95,75.25
2023-09-28,127.92,75.3
2023-09-29,127.95,75.24
2023-09-30,127.9,75.15
2023-10-01,127.52,75.13
2023-10-02,127.35,75.12
2023-10-03,127.22,75.1
2023-10-04,127.11,75.1
2023-10-05,127.03,75.04
2023-10-06,126.92,75.08
2023-10-07,126.79,75.2
2023-10-08,127.03,75.23
2023-10-09,127.0,75.23
2023-10-10,126.96,75.25
2023-10-11,126.94,75.22
2023-10-12,126.94,75.27
2023-10-13,126.95,75.31
2023-10-14,127.02,75.38
2023-10-15,127.13,75.5
2023-10-16,127.19,75.57
2023-10-17,127.18,75.65
2023-10-18,127.12,75.71
2023-10-19,127.09,75.77
2023-10-20,127.02,75.76
2023-10-21,126.85,75.53
2023-10-22,126.82,75.32
2023-10-23,126.71,75.25
2023-10-24,126.66,75.12
2023-10-25,126.63,75.03
2023-10-26,126.59,74.83
2023-10-27,126.52,74.69
2023-10-28,126.62,74.68
2023-10-29,126.45,74.62
2023-10-30,126.46,74.47
2023-10-31,126.39,74.3
2023-11-01,126.24,74.2
2023-11-02,126.2,74.03
2023-11-03,126.22,73.88
2023-11-04,126.16,73.78
2023-11-05,126.16,73.67
2023-11-06,126.06,73.56
2023-11-07,125.87,73.5
2023-11-08,125.92,73.32
2023-11-09,125.77,73.28
2023-11-10,125.67,73.21
2023-11-11,125.57,73.12
2023-11-12,125.45,73.06
2023-11-13,125.34,72.99
2023-11-14,125.37,72.89
2023-11-15,125.18,72.76
2023-11-16,125.17,72.73
2023-11-17,125.08,72.75
2023-11-18,124.92,72.67
2023-11-19,124.85,72.68
2023-11-20,124.78,72.71
2023-11-21,124.72,72.78
2023-11-22,124.51,72.81
2023-11-23,124.37,72.82
2023-11-24,124.18,72.81
2023-11-25,124.06,72.89
2023-11-26,123.87,72.82
2023-11-27,123.7,72.78
2023-11-28,123.58,72.73
2023-11-29,123.68,72.76
2023-11-30,123.59,72.66
2023-12-01,123.31,72.56
2023-12-02,123.24,72.47
2023-12-03,123.23,72.45
2023-12-04,123.15,72.4
2023-12-05,123.11,72.29
2023-12-06,123.02,72.39
2023-12-07,122.88,72.49
2023-12-08,123.13,72.61
2023-12-09,123.04,72.59
2023-12-10,123.08,72.67
2023-12-11,123.18,72.77
2023-12-12,123.14,72.8
2023-12-13,123.11,72.7
2023-12-14,123.22,72.72
2023-12-15,123.1,72.64
2023-12-16,123.07,72.66
2023-12-17,122.67,72.58
2023-12-18,122.36,72.55
2023-12-19,122.18,72.64
2023-12-20,122.02,72.67
2023-12-21,121.83,72.65
2023-12-22,121.67,72.62
2023-12-23,121.54,72.58
2023-12-24,121.68,72.57
2023-12-25,121.78,72.57
2023-12-26,121.87,72.6
2023-12-27,121.94,72.62
2023-12-28,121.95,72.63
2023-12-29,121.99,72.73
2023-12-30,121.97,72.77
2023-12-31,121.8,72.74
2024-01-01,121.41,72.7
2024-01-02,121.11,72.63
2024-01-03,120.89,72.59
2024-01-04,120.79,72.54
2024-01-05,120.76,72.44
2024-01-06,120.76,72.39
2024-01-07,120.7,72.41
2024-01-08,120.88,72.33
2024-01-09,120.96,72.19
2024-01-10,120.99,72.09
2024-01-11,120.93,71.99
2024-01-12,120.81,71.9
2024-01-13,120.68,71.8
2024-01-14,120.79,71.77
2024-01-15,120.77,71.82
2024-01-16,120.63,71.87
2024-01-17,120.5,71.86
2024-01-18,120.34,71.83
2024-01-19,120.23,71.88
2024-01-20,120.21,71.97
2024-01-21,120.12,71.92
2024-01-22,120.04,71.84
2024-01-23,120.03,71.73
2024-01-24,119.94,71.7
2024-01-25,119.87,71.62
2024-01-26,119.74,71.44
2024-01-27,119.68,71.36
2024-01-28,119.59,71.34
2024-01-29,119.51,71.3
2024-01-30,119.41,71.3
2024-01-31,119.37,71.19
2024-02-01,119.25,71.21
2024-02-02,119.24,71.35
2024-02-03,119.26,71.4
2024-02-04,119.22,71.42
2024-02-05,119.15,71.33
2024-02-06,119.13,71.32
2024-02-07,119.04,71.38
2024-02-08,119.17,71.35
2024-02-09,119.28,71.36
2024-02-10,119.26,71.31
2024-02-11,119.26,71.25
2024-02-12,119.35,71.27
2024-02-13,119.4,71.26
2024-02-14,119.61,71.26
2024-02-15,119.69,71.3
2024-02-16,119.67,71.24
2024-02-17,119.42,71.05
2024-02-18,119.44,71.08
2024-02-19,119.51,71.16
2024-02-20,119.57,71.27
2024-02-21,119.57,71.3
2024-02-22,119.42,71.27
2024-02-23,119.31,71.2
2024-02-24,119.56,71.38
2024-02-25,119.52,71.34
2024-02-26,119.41,71.25
2024-02-27,119.26,71.12
2024-02-28,119.14,71.03
2024-02-29,119.22,70.96
2024-03-01,119.01,70.97
2024-03-02,118.89,70.84
2024-03-03,118.85,70.76
2024-03-04,118.83,70.75
2024-03-05,118.9,70.74
2024-03-06,119.0,70.8
2024-03-07,119.02,70.8
2024-03-08,119.29,70.79
2024-03-09,119.47,70.91
2024-03-10,119.59,70.92
2024-03-11,119.71,70.92
2024-03-12,119.76,70.89
2024-03-13,119.81,70.81
2024-03-14,119.82,70.8
2024-03-15,119.92,70.82
2024-03-16,119.89,70.79
2024-03-17,119.88,70.84
2024-03-18,119.8,70.88
2024-03-19,119.77,70.99
2024-03-20,119.74,71.04
2024-03-21,119.73,71.07
2024-03-22,119.66,71.07
2024-03-23,119.68,71.13
2024-03-24,119.68,71.11
2024-03-25,119.73,71.13
2024-03-26,119.78,71.03
2024-03-27,119.82,70.96
2024-03-28,119.87,70.88
2024-03-29,119.95,70.88
2024-03-30,120.08,70.87
2024-03-31,120.21,70.88
2024-04-01,120.08,70.77
2024-04-02,120.1,70.74
2024-04-03,120.09,70.78
2024-04-04,120.13,70.78
2024-04-05,120.18,70.67
2024-04-06,120.12,70.55
2024-04-07,120.08,70.43
2024-04-08,120.25,70.42
2024-04-09,120.28,70.37
2024-04-10,120.35,70.4
2024-04-11,120.37,70.5
2024-04-12,120.3,70.64
2024-04-13,120.2,70.74
2024-04-14,120.11,70.84
2024-04-15,120.04,70.93
2024-04-16,119.89,71.0
2024-04-17,119.72,70.97
2024-04-18,119.51,70.88
2024-04-19,119.38,70.79
2024-04-20,119.17,70.54
2024-04-21,119.02,70.42
2024-04-22,118.87,70.26
2024-04-23,118.78,70.18
2024-04-24,118.65,69.99
2024-04-25,118.6,69.84
2024-04-26,118.49,69.64
2024-04-27,118.53,69.68
2024-04-28,118.48,69.58
2024-04-29,118.48,69.47
2024-04-30,118.39,69.33
2024-05-01,118.19,69.25
2024-05-02,118.06,69.14
2024-05-03,118.0,69.08
2024-05-04,117.88,68.94
2024-05-05,117.77,68.89
2024-05-06,117.6,68.86
2024-05-07,117.57,68.85
2024-05-08,117.67,68.83
2024-05-09,117.65,68.88
2024-05-10,117.61,69.0
2024-05-11,117.6,69.1
2024-05-12,117.56,69.07
2024-05-13,117.55,69.07
2024-05-14,117.52,69.1
2024-05-15,117.44,69.22
2024-05-16,117.39,69.26
2024-05-17,117.33,69.19
2024-05-18,116.96,69.06
2024-05-19,116.4,68.91
2024-05-20,115.83,68.69
2024-05-21,115.24,68.46
2024-05-22,115.17,68.57
2024-05-23,115.06,68.63
2024-05-24,114.94,68.84
2024-05-25,115.07,69.12
2024-05-26,115.43,69.53
2024-05-27,115.81,69.96
2024-05-28,116.12,70.35
2024-05-29,115.93,70.29
2024-05-30,115.83,70.29
2024-05-31,115.74,70.2
2024-06-01,115.6,70.2
2024-06-02,115.55,70.12
2024-06-03,115.53,70.13
2024-06-04,115.5,70.09
2024-06-05,115.56,70.16
2024-06-06,115.53,70.23
2024-06-07,115.55,70.27
2024-06-08,115.68,70.24
2024-06-09,115.69,70.21
2024-06-10,115.68,70.12
2024-06-11,115.68,70.03
2024-06-12,115.64,69.93
2024-06-13,115.57,69.8
2024-06-14,115.47,69.72
2024-06-15,115.26,69.48
2024-06-16,115.19,69.43
2024-06-17,115.13,69.39
2024-06-18,115.07,69.39
2024-06-19,115.0,69.39
2024-06-20,115.0,69.46
2024-06-21,114.87,69.56
2024-06-22,114.86,69.77
2024-06-23,114.76,69.84
2024-06-24,114.66,69.9
2024-06-25,114.51,69.99
2024-06-26,114.43,70.05
2024-06-27,114.3,70.12
2024-06-28,114.3,70.1
2024-06-29,114.34,70.07
2024-06-30,114.39,70.09
2024-07-01,114.32,70.11
2024-07-02,114.37,70.16
2024-07-03,114.44,70.17
2024-07-04,114.51,70.17
2024-07-05,114.56,70.19
2024-07-06,114.49,70.21
2024-07-07,114.41,70.22
2024-07-08,114.45,70.29
2024-07-09,114.44,70.32
2024-07-10,114.36,70.41
2024-07-11,114.31,70.46
2024-07-12,114.29,70.6
2024-07-13,114.33,70.79
2024-07-14,114.31,70.88
2024-07-15,114.25,70.91
2024-07-16,114.23,70.85
2024-07-17,114.23,70.74
2024-07-18,114.18,70.58
2024-07-19,114.2,70.39
2024-07-20,114.02,69.96
2024-07-21,114.09,69.82
2024-07-22,114.24,69.73
2024-07-23,114.41,69.66
2024-07-24,114.54,69.61
2024-07-25,114.7,69.6
2024-07-26,114.8,69.57
2024-07-27,115.05,69.79
2024-07-28,115.09,69.75
2024-07-29,115.08,69.7
2024-07-30,115.07,69.73
2024-07-31,115.08,69.74
2024-08-01,114.98,69.79
2024-08-02,114.98,69.75
2024-08-03,115.01,69.61
2024-08-04,114.97,69.48
2024-08-05,114.93,69.31
2024-08-06,114.82,69.13
2024-08-07,114.74,68.97
2024-08-08,114.76,68.8
2024-08-09,114.64,68.71
2024-08-10,114.48,68.59
2024-08-11,114.46,68.53
2024-08-12,114.4,68.57
2024-08-13,114.38,68.61
2024-08-14,114.3,68.57
2024-08-15,114.25,68.49
2024-08-16,114.22,68.38
2024-08-17,114.23,68.4
2024-08-18,114.16,68.4
2024-08-19,114.07,68.23
2024-08-20,113.92,68.09
2024-08-21,113.79,67.98
2024-08-22,113.65,67.95
2024-08-23,113.58,68.01
2024-08-24,113.45,67.99
2024-08-25,113.28,67.85
2024-08-26,113.17,67.83
2024-08-27,113.17,67.84
2024-08-28,113.18,67.96
2024-08-29,113.18,68.13
2024-08-30,113.12,68.22
2024-08-31,113.11,68.39
2024-09-01,113.06,68.64
2024-09-02,113.07,68.84
2024-09-03,113.02,68.9
2024-09-04,112.94,68.94
2024-09-05,112.85,68.91
2024-09-06,112.76,68.88
2024-09-07,112.78,68.94
2024-09-08,112.87,68.94
2024-09-09,112.88,68.97
2024-09-10,112.93,69.1
2024-09-11,113.03,69.2
2024-09-12,113.09,69.27
2024-09-13,113.17,69.34
2024-09-14,113.16,69.39
2024-09-15,113.16,69.44
2024-09-16,113.17,69.49
2024-09-17,113.23,69.58
2024-09-18,113.31,69.68
2024-09-19,113.42,69.81
2024-09-20,113.5,69.94
2024-09-21,113.53,70.01
2024-09-22,113.57,70.05
2024-09-23,113.61,70.09
2024-09-24,113.57,70.06
2024-09-25,113.47,70.05
2024-09-26,113.41,69.96
2024-09-27,113.31,69.74
2024-09-28,113.22,69.49
2024-09-29,113.21,69.37
2024-09-30,113.22,69.32
2024-10-01,113.05,69.19
2024-10-02,112.96,69.03
2024-10-03,112.8,68.88
2024-10-04,112.77,68.99
2024-10-05,112.75,69.14
2024-10-06,112.63,69.16
2024-10-07,112.45,69.13
2024-10-08,112.45,69.19
2024-10-09,112.36,69.25
2024-10-10,112.24,69.19
2024-10-11,111.89,68.99
2024-10-12,111.66,68.81
2024-10-13,111.46,68.65
2024-10-14,111.23,68.52
2024-10-15,111.01,68.42
2024-10-16,110.77,68.26
2024-10-17,110.6,68.26
2024-10-18,110.39,68.35
2024-10-19,110.0,68.31
2024-10-20,109.75,68.38
2024-10-21,109.55,68.44
2024-10-22,109.42,68.36
2024-10-23,109.28,68.41
2024-10-24,109.04,68.4
2024-10-25,109.07,68.35
2024-10-26,109.21,68.43
2024-10-27,109.23,68.42
2024-10-28,109.28,68.38
2024-10-29,109.27,68.45
2024-10-30,109.25,68.41
2024-10-31,109.43,68.5
2024-11-01,109.35,68.61
2024-11-02,109.46,68.59
2024-11-03,109.52,68.54
2024-11-04,109.52,68.51
2024-11-05,109.58,68.4
2024-11-06,109.67,68.31
2024-11-07,109.73,68.13
2024-11-08,109.96,67.9
2024-11-09,109.99,67.7
2024-11-10,110.06,67.57
2024-11-11,110.22,67.42
2024-11-12,110.27,67.3
2024-11-13,110.35,67.19
2024-11-14,110.39,67.08
2024-11-15,110.47,66.96
2024-11-16,110.48,66.94
2024-11-17,110.47,66.82
2024-11-18,110.45,66.76
2024-11-19,110.45,66.74
2024-11-20,110.44,66.68
2024-11-21,110.45,66.6
2024-11-22,110.53,66.58
2024-11-23,110.63,66.62
2024-11-24,110.72,66.68
2024-11-25,110.81,66.7
2024-11-26,110.91,66.75
2024-11-27,111.04,66.89
2024-11-28,111.17,67.08
2024-11-29,111.17,67.27
2024-11-30,111.17,67.4
2024-12-01,111.03,67.49
2024-12-02,111.02,67.6
2024-12-03,111.0,67.68
2024-12-04,110.96,67.7
2024-12-05,110.88,67.73
2024-12-06,110.88,67.67
2024-12-07,110.92,67.59
2024-12-08,111.1,67.52
2024-12-09,111.18,67.52
2024-12-10,111.21,67.47
2024-12-11,111.17,67.43
2024-12-12,111.21,67.36
2024-12-13,111.2,67.34
2024-12-14,111.06,67.25
2024-12-15,111.06,67.33
2024-12-16,111.0,67.31
2024-12-17,110.91,67.33
2024-12-18,110.89,67.33
2024-12-19,110.8,67.31
2024-12-20,110.74,67.32
2024-12-21,110.89,67.41
2024-12-22,110.91,67.38
2024-12-23,110.97,67.36
2024-12-24,111.08,67.36
2024-12-25,111.2,67.4
2024-12-26,111.34,67.49
2024-12-27,111.42,67.5
2024-12-28,111.46,67.53
2024-12-29,111.53,67.54
2024-12-30,111.56,67.57
2024-12-31,111.58,67.57
2025-01-01,111.45,67.56
2025-01-02,111.38,67.53
2025-01-03,111.33,67.51
2025-01-04,111.29,67.44
2025-01-05,111.2,67.37
2025-01-06,111.09,67.33
2025-01-07,111.01,67.31
2025-01-08,111.09,67.29
2025-01-09,111.13,67.27
2025-01-10,111.15,67.28
2025-01-11,111.09,67.34
2025-01-12,111.06,67.44
2025-01-13,111.06,67.54
2025-01-14,111.08,67.63
2025-01-15,111.09,67.75
2025-01-16,111.06,67.89
2025-01-17,111.05,68.02
2025-01-18,111.03,68.04
2025-01-19,111.05,68.06
2025-01-20,111.06,68.0
2025-01-21,111.04,67.93
2025-01-22,110.97,67.79
2025-01-23,110.92,67.63
2025-01-24,110.87,67.46
2025-01-25,110.89,67.41
2025-01-26,110.84,67.3
2025-01-27,110.78,67.19
2025-01-28,110.66,67.09
2025-01-29,110.66,67.04
2025-01-30,110.65,66.99
2025-01-31,110.6,66.92
2025-02-01,110.4,66.82
2025-02-02,110.34,66.71
2025-02-03,110.26,66.61
2025-02-04,110.25,66.52
2025-02-05,110.18,66.38
2025-02-06,110.11,66.25
2025-02-07,110.07,66.07
2025-02-08,110.19,65.91
2025-02-09,110.18,65.75
2025-02-10,110.2,65.61
2025-02-11,110.25,65.49
2025-02-12,110.3,65.39
2025-02-13,110.33,65.25
2025-02-14,110.37,65.15
2025-02-15,110.25,64.84
2025-02-16,110.3,64.78
2025-02-17,110.34,64.71
2025-02-18,110.23,64.52
2025-02-19,110.13,64.26
2025-02-20,110.04,64.04
2025-02-21,109.93,63.77
2025-02-22,110.05,63.81
2025-02-23,109.97,63.6
2025-02-24,109.89,63.29
2025-02-25,109.93,63.08
2025-02-26,109.91,62.95
2025-02-27,109.91,62.86
2025-02-28,109.94,62.83
2025-03-01,109.62,62.64
2025-03-02,109.57,62.6
2025-03-03,109.5,62.66
2025-03-04,109.36,62.72
2025-03-05,109.25,62.72
2025-03-06,109.21,62.79
2025-03-07,109.12,62.76
2025-03-08,109.24,62.77
2025-03-09,109.16,62.66
2025-03-10,109.06,62.48
2025-03-11,108.97,62.3
2025-03-12,108.94,62.17
2025-03-13,108.81,61.89
2025-03-14,108.72,61.76
2025-03-15,108.69,61.68
2025-03-16,108.67,61.66
2025-03-17,108.64,61.65
2025-03-18,108.64,61.66
2025-03-19,108.59,61.72
2025-03-20,108.53,61.89
2025-03-21,108.48,62.15
2025-03-22,108.4,62.31
2025-03-23,108.22,62.43
2025-03-24,108.15,62.57
2025-03-25,108.05,62.75
2025-03-26,108.01,62.81
2025-03-27,107.93,62.77
2025-03-28,107.85,62.67
2025-03-29,107.75,62.61
2025-03-30,107.75,62.56
2025-03-31,107.71,62.59
2025-04-01,107.58,62.62
2025-04-02,107.5,62.71
2025-04-03,107.56,62.85
2025-04-04,107.68,63.08
2025-04-05,107.8,63.35
2025-04-06,107.84,63.62
2025-04-07,107.86,63.87
2025-04-08,108.05,64.01
2025-04-09,108.17,64.16
2025-04-10,108.13,64.24
2025-04-11,108.02,64.16
2025-04-12,108.02,64.08
2025-04-13,108.02,63.96
2025-04-14,108.03,63.74
2025-04-15,107.99,63.64
2025-04-16,107.93,63.5
2025-04-17,107.96,63.49
2025-04-18,107.95,63.5
2025-04-19,107.87,63.42
2025-04-20,107.81,63.46
2025-04-21,107.73,63.59
2025-04-22,107.64,63.67
2025-04-23,107.58,63.75
2025-04-24,107.44,63.69
2025-04-25,107.32,63.61
2025-04-26,107.24,63.63
2025-04-27,107.18,63.56
2025-04-28,107.13,63.47
2025-04-29,107.09,63.31
2025-04-30,107.09,63.24
2025-05-01,106.72,63.2
2025-05-02,106.8,63.22
2025-05-03,106.87,63.25
2025-05-04,106.9,63.2
2025-05-05,106.43,63.03
2025-05-06,106.47,63.11
2025-05-07,106.48,63.07
2025-05-08,106.8,62.93
2025-05-09,106.76,62.81
2025-05-10,106.7,62.73
2025-05-11,106.63,62.59
2025-05-12,107.05,62.47
2025-05-13,106.99,62.19
2025-05-14,106.87,61.89
2025-05-15,106.9,61.75
2025-05-16,106.88,61.57
2025-05-17,106.7,61.1
2025-05-18,106.78,61.17
2025-05-19,106.84,61.35
2025-05-20,106.88,61.5
2025-05-21,106.92,61.83
2025-05-22,106.94,62.15
2025-05-23,106.93,62.42
2025-05-24,107.08,63.01
2025-05-25,106.98,63.22
2025-05-26,106.9,63.45
2025-05-27,106.81,63.67
2025-05-28,106.74,63.68
2025-05-29,106.68,63.77
2025-05-30,106.51,63.93
2025-05-31,106.46,64.03
2025-06-01,106.35,64.14
2025-06-02,106.34,64.25
2025-06-03,106.37,64.42
2025-06-04,106.44,64.71
2025-06-05,106.51,64.97
2025-06-06,106.65,65.13
2025-06-07,106.66,65.32
2025-06-08,106.73,65.42
2025-06-09,106.69,65.46
2025-06-10,106.63,65.47
2025-06-11,106.56,65.53
2025-06-12,106.49,65.49
2025-06-13,106.45,65.46
2025-06-14,106.31,65.29
2025-06-15,106.35,65.32
2025-06-16,106.35,65.37
2025-06-17,106.37,65.36
2025-06-18,106.35,65.42
2025-06-19,106.33,65.5
2025-06-20,106.3,65.58
2025-06-21,106.44,65.77
2025-06-22,106.41,65.78
2025-06-23,106.39,65.81
2025-06-24,106.38,65.89
2025-06-25,106.32,65.83
2025-06-26,106.24,65.73
2025-06-27,106.17,65.69
2025-06-28,106.0,65.65
2025-06-29,105.99,65.62
2025-06-30,106.03,65.52
2025-07-01,105.85,65.33
2025-07-02,105.77,65.14
2025-07-03,105.75,64.99
2025-07-04,105.72,64.82
2025-07-05,105.78,64.71
2025-07-06,105.64,64.54
2025-07-07,105.51,64.48
2025-07-08,105.43,64.51
2025-07-09,105.37,64.57
2025-07-10,105.22,64.71
2025-07-11,105.16,64.86
2025-07-12,105.03,64.94
2025-07-13,104.93,65.07
2025-07-14,104.85,65.14
2025-07-15,104.98,65.27
2025-07-16,105.04,65.43
2025-07-17,105.12,65.55
2025-07-18,105.15,65.65
2025-07-19,105.09,65.65
2025-07-20,105.23,65.82
2025-07-21,105.3,65.98
2025-07-22,105.32,66.11
2025-07-23,105.38,66.14
2025-07-24,105.44,66.17
2025-07-25,105.54,66.13
2025-07-26,105.76,66.17
2025-07-27,105.79,66.09
2025-07-28,105.88,66.11
2025-07-29,105.95,66.09
2025-07-30,105.95,66.08
2025-07-31,105.99,66.03
2025-08-01,105.81,66.21
2025-08-02,105.76,66.26
2025-08-03,105.75,66.27
2025-08-04,105.71,66.21
2025-08-05,105.64,66.19
2025-08-06,105.67,66.18
2025-08-07,105.7,66.17
2025-08-08,105.87,66.02
2025-08-09,105.89,65.97
2025-08-10,105.95,66.05
2025-08-11,105.94,66.12
2025-08-12,105.98,66.0
2025-08-13,105.96,65.99
2025-08-14,105.94,66.0
2025-08-15,105.94,66.06
2025-08-16,106.0,66.2
2025-08-17,105.98,66.2
2025-08-18,106.03,66.27
2025-08-19,106.07,66.46
2025-08-20,106.11,66.54
2025-08-21,106.12,66.61
2025-08-22,106.18,66.59
2025-08-23,106.08,66.49
2025-08-24,106.06,66.45
2025-08-25,106.03,66.28
2025-08-26,106.01,66.19
2025-08-27,105.89,66.12
2025-08-28,105.77,66.08
2025-08-29,105.53,65.74
2025-08-30,105.39,65.52
2025-08-31,105.15,65.24
2025-09-01,104.84,65.05
2025-09-02,104.58,64.79
2025-09-03,104.5,64.54
2025-09-04,104.43,64.43
2025-09-05,104.48,64.59
2025-09-06,104.53,64.72
2025-09-07,104.61,64.89
2025-09-08,104.7,65.05
2025-09-09,104.71,65.23
2025-09-10,104.6,65.41
2025-09-11,104.5,65.43
2025-09-12,104.41,65.5
2025-09-13,104.28,65.43
2025-09-14,104.09,65.29
2025-09-15,104.01,65.14
2025-09-16,103.91,65.05
2025-09-17,103.89,64.97
2025-09-18,103.81,64.88
2025-09-19,103.66,64.73
2025-09-20,103.55,64.72
2025-09-21,103.47,64.68
2025-09-22,103.34,64.6
2025-09-23,103.2,64.48
2025-09-24,103.06,64.36
2025-09-25,102.94,64.26
2025-09-26,102.84,64.19
2025-09-27,102.66,64.1
2025-09-28,102.55,64.13
2025-09-29,102.49,64.18
2025-09-30,102.49,64.3
2025-10-01,102.28,64.31
2025-10-02,102.24,64.32
2025-10-03,102.27,64.37
2025-10-04,102.35,64.41
2025-10-05,102.37,64.39
2025-10-06,102.38,64.39
2025-10-07,102.33,64.32
2025-10-08,102.43,64.29
2025-10-09,102.39,64.3
2025-10-10,102.29,64.37
2025-10-11,102.24,64.4
2025-10-12,102.19,64.48
2025-10-13,102.11,64.56
2025-10-14,102.08,64.72
2025-10-15,102.14,64.95
2025-10-16,102.13,65.08
2025-10-17,102.11,65.19
2025-10-18,101.94,65.16
2025-10-19,101.98,65.28
2025-10-20,101.99,65.38
2025-10-21,101.8,65.37
2025-10-22,101.84,65.3
2025-10-23,101.77,65.33
2025-10-24,101.79,65.37
2025-10-25,101.86,65.52
2025-10-26,101.79,65.52
2025-10-27,101.78,65.55
2025-10-28,101.96,65.68
2025-10-29,101.87,65.84
2025-10-30,101.95,66.0
2025-10-31,101.85,65.96
2025-11-01,101.45,65.86
2025-11-02,101.53,65.9
2025-11-03,101.54,65.96
2025-11-04,101.46,65.93
2025-11-05,101.51,65.94
2025-11-06,101.56,65.95
2025-11-07,101.75,66.1
2025-11-08,102.28,66.37
2025-11-09,102.36,66.38
2025-11-10,102.26,66.33
2025-11-11,102.39,66.37
2025-11-12,102.37,66.34
2025-11-13,102.36,66.27
2025-11-14,102.24,66.15
2025-11-15,102.44,66.2
2025-11-16,102.51,66.28
2025-11-17,102.64,66.31
2025-11-18,102.72,66.33
2025-11-19,102.73,66.3
2025-11-20,102.86,66.34
2025-11-21,102.98,66.37
2025-11-22,103.05,66.38
2025-11-23,103.08,66.37
2025-11-24,103.21,66.38
2025-11-25,103.31,66.36
2025-11-26,103.49,66.46
2025-11-27,103.6,66.52
2025-11-28,103.69,66.6
2025-11-29,103.61,66.58
2025-11-30,103.62,66.61
2025-12-01,103.53,66.66
2025-12-02,103.54,66.66
2025-12-03,103.44,66.58
2025-12-04,103.38,66.53
2025-12-05,103.32,66.5
2025-12-06,103.39,66.49
2025-12-07,103.4,66.52
2025-12-08,103.5,66.48
2025-12-09,103.4,66.5
2025-12-10,103.43,66.59
2025-12-11,103.37,66.63
2025-12-12,103.41,66.71
2025-12-13,103.4,66.83
2025-12-14,103.46,66.92
2025-12-15,103.4,66.99
2025-12-16,103.51,67.06
2025-12-17,103.84,67.07
2025-12-18,104.29,67.13
2025-12-19,104.62,67.17
2025-12-20,104.88,67.16
2025-12-21,104.96,67.06
2025-12-22,105.3,67.14
2025-12-23,105.6,67.19
2025-12-24,105.66,67.29
2025-12-25,105.6,67.29
2025-12-26,105.41,67.26
2025-12-27,105.23,67.2
2025-12-28,105.24,67.2
2025-12-29,105.01,67.13
2025-12-30,104.91,67.15
2025-12-31,104.73,67.13
2026-01-01,104.31,67.06
2026-01-02,104.18,67.03
2026-01-03,104.02,66.93
2026-01-04,103.8,66.85
2026-01-05,103.68,66.8
2026-01-06,103.52,66.76
2026-01-07,103.45,66.8
2026-01-08,103.57,66.91
2026-01-09,103.56,66.98
2026-01-10,103.64,67.14
2026-01-11,103.79,67.38
2026-01-12,103.8,67.49
2026-01-13,103.86,67.61
2026-01-14,103.88,67.65
2026-01-15,103.97,67.79
2026-01-16,104.05,67.99
2026-01-17,104.14,68.19
2026-01-18,104.16,68.29
2026-01-19,104.28,68.43
2026-01-20,104.26,68.46
2026-01-21,104.31,68.53
2026-01-22,104.32,68.54
2026-01-23,104.4,68.61
2026-01-24,104.39,68.68
2026-01-25,104.41,68.84
2026-01-26,104.32,68.94
2026-01-27,104.3,69.11
2026-01-28,104.18,69.27
2026-01-29,104.07,69.37
2026-01-30,103.89,69.44
2026-01-31,103.8,69.56
2026-02-01,103.55,69.64
2026-02-02,103.54,69.81
2026-02-03,103.48,69.96
2026-02-04,103.43,70.06
2026-02-05,103.31,70.07
2026-02-06,103.45,70.3
2026-02-07,103.46,70.32
2026-02-08,103.61,70.4
2026-02-09,103.61,70.42
2026-02-10,103.69,70.49
2026-02-11,103.75,70.52
2026-02-12,103.98,70.7
2026-02-13,104.0,70.62
2026-02-14,104.1,70.71
2026-02-15,104.26,70.83
2026-02-16,104.4,70.94
2026-02-17,104.37,70.96
2026-02-18,104.44,71.12
2026-02-19,104.41,71.26
2026-02-20,104.47,71.44
2026-02-21,104.52,71.45
2026-02-22,104.51,71.4
2026-02-23,104.37,71.27
2026-02-24,104.43,71.03
2026-02-25,104.49,70.71
2026-02-26,104.65,70.34
2026-02-27,104.72,69.88
